{
  "0": {"cam_K": [5444.43115234375, 0.0, 960.0, 0.0, 5444.4306640625, 540.0, 0.0, 0.0, 1.0], "depth_scale": 0.1, "cam_R_w2c": [-1.0, 0.0, -0.0, 0.0, 0.9547749757766724, -0.2973293662071228, 0.0, -0.2973293662071228, -0.9547749757766724], "cam_t_w2c": [-0.0, 47.57267379760742, 2079.919677734375]}
}