{
  "0": [
    {"cam_R_m2c": [-0.8153451681137085, 0.15778440237045288, -0.5570604205131531, 0.4597110152244568, -0.40846818685531616, -0.7885555028915405, -0.3519631028175354, -0.8990318179130554, 0.26050740480422974], "cam_t_m2c": [4.330121040344238, 46.631004333496094, 2028.1639404296875], "obj_id": 16},
{"cam_R_m2c": [0.4413285255432129, -0.0015848278999328613, 0.8973444700241089, -0.8648021817207336, -0.26761797070503235, 0.4248509407043457, 0.23947201669216156, -0.9635239243507385, -0.11947766691446304], "cam_t_m2c": [-2.0219125747680664, 17.820280075073242, 1959.206787109375], "obj_id": 12},
{"cam_R_m2c": [-0.45836636424064636, 0.053067296743392944, -0.8871777057647705, 0.2878050208091736, 0.9532911777496338, -0.09167447686195374, 0.8408737182617188, -0.29735463857650757, -0.4522296190261841], "cam_t_m2c": [61.72641372680664, 138.7755889892578, 1912.169189453125], "obj_id": 5}]
}